"statistics","lowerThreshold","upperThreshold"
"avg_pi",0.0006327460797279,0.0094513117286016
"Tajima_D",-2.41579758656562,1.81880025709438
"avg_wc_fst_sakFM",-0.0168032643590627,0.0141756964500718
"f_d",-1.053758,0.374848
