"Strain","CHROM","cM_start","cM_end","cM95CI_start","cM95CI_end","TraitName","Marker_start_name","Marker_end_name","HdrR_ASM223467v1_95CI_start","HdrR_ASM223467v1_95CI_end"
"AFOM",12,0,40,0,38,"Standard length","OL_C12_6679666","OL_C12_27205023",7814030.75178388,27844933.9636089
"AFOM",20,22,71,39,58,"Frequency in quick circle","OL_C20_14446184","OL_C20_23089271",21043658.6282049,22877985.6694924
"AFOM",20,22,71,38,43,"Frequency in approaching","OL_C20_14446184","OL_C20_23089271",20927685.7783582,21445934.3500227
"OFAM",13,8,28,16,27,"Spawning latency","OL_C13_7805614","OL_C13_16637072",10436318.9823872,16243677.9343133
"OFAM",18,0,30,2,25,"Spawning latency","OL_C18_2283919","OL_C18_12717230",4736545.25009571,14262923.8897965
"OFAM",23,18,53,33,48,"Egg number","OL_C23_11864777","OL_C23_22762718",15487111.1527359,20226825.6115768
