"pop1","pop2","pop3","pop4","est","se","z","p","n"
"westJ","Gin","sak","eKor",0.289575668433447,0.0103437790095476,27.9951522713468,1.86128298184084e-172,10287244
"westJ","Izm","sak","eKor",0.298439850543448,0.0094960275480818,31.4278627597003,8.42488869467011e-217,10287244
"westJ","Hid","sak","eKor",0.00594017499658565,0.0120731531631144,0.492015210635606,0.62270859072401,10287244
"westJ","Nag","sak","eKor",-0.0622656086361562,0.0140525208401452,-4.43092092475509,9.38314956720198e-06,10287244
